STN_CODE,SAMPLINGMONTH,NAMEOFMONITORINGLOCATION,USEBASEDCLASS,TEMP,DO,PH,CONDUCTIVITY,BOD,NITRATE_N,NITRITEN,FECAL_COLI,TOTAL_COLI,FECALSTREPTOCOCCI,CARBONATECO3,BICARBONATE,TURBIDITY_NTU,PHENOLPHTHALEINALKALINITY,TOTALALKALINITY,CHLORIDES,COD,TOTALKJELDAHLNITROGEN,AMMONICALN,TOTALHARDNESS,CAASCACO3,CA,MGASCACO3,MG,SULPHATE,SODIUM,TOTALDISSOLVEDSOLIDS,TOTALSUSPENDEDSOLIDS,PHOSPHATE,BORON,POTASSIUM,FLUORIDE,SODIUMPERCENTAGE,SAR,ORTHOPHOSPHATE,YEAR
1388,Aug,Ulsoor Lake Training Centre Of Fish Breeding,E,29.0,2.2,7.9,926.0,22.0,3.8,0.52,2600.0,9400.0,,BDL,252.0,28.6,BDL,252.0,84.0,160.0,11,8.6,188.0,100.0,40.0,88.0,21.0,17,81.0,632.0,36,1.08,BDL,6,0.23,47.0,2.56,3.06,2025
3589,Aug,Madiwala Tank,D,26.0,5.8,7.4,484.0,7.0,1.8,BDL,200.0,3500.0,,BDL,148.0,19,BDL,148.0,100.0,80.0,BDL,0.4,68.0,36.0,14.0,32.0,8.0,11,79.0,336.0,24,BDL,BDL,8,0.43,68.0,4.2,0.26,2025
3590,Aug,Lalbagh Tank,E,28.1,2.4,7.3,570.0,56.0,2.2,BDL,140.0,2400.0,,BDL,136.0,5.2,BDL,136.0,100.0,364.0,3.77,2.9,156.0,80.0,32.0,76.0,18.0,15.8,58.0,560.0,BDL,0.45,BDL,6,0.4,39.0,1.1,1.32,2025
3591,Aug,Kempambudhi Tank,D,20.0,5.2,7.3,434.0,5.0,1.8,BDL,200.0,2800.0,,BDL,96.0,6.8,BDL,96.0,23.0,56.0,1.87,1.5,116.0,56.0,22.0,60.0,15.0,8,43.0,296.0,BDL,BDL,BDL,5,0.4,37.0,0.9,BDL,2025
3592,Aug,Yediyur Tank,D,28.0,5.8,8.0,270.0,6.0,1.0,BDL,260.0,4300.0,,BDL,72.0,8.1,BDL,72.0,28.0,76.0,BDL,0.96,68.0,36.0,14.0,32.0,8.0,BDL,27.0,180.0,BDL,BDL,BDL,3,0.3,26.0,0.7,BDL,2025
3593,Aug,Ulsoor Lake Temple,E,29.0,2.4,8.0,923.0,16.0,3.7,0.54,2200.0,7900.0,,BDL,256.0,22.9,BDL,256.0,88.0,120.0,11,8.9,208.0,108.0,43.0,100.0,24.0,16,78.0,628.0,28,1.1,BDL,4,0.29,44.0,2.35,3.14,2025
3594,Aug,Sankey Tank,D,27.0,4.9,7.4,626.0,12.0,2.4,BDL,310.0,4300.0,,BDL,160.0,3.2,BDL,160.0,108.0,136.0,BDL,0.4,172.0,88.0,35.0,84.0,20.0,BDL,65.0,420.0,BDL,0.32,BDL,8,0.38,52.0,1.2,0.92,2025
3595,Aug,Byrasandra Tank,E,30.0,BDL,7.2,1204.0,57.0,4.6,0.33,210.0,4300.0,,BDL,280.0,25.2,BDL,280.0,204.0,272.0,27,24.0,328.0,168.0,67.0,160.0,39.0,49,116.0,824.0,32,1.06,BDL,24,0.28,41.0,2.78,3.12,2025
3596,Aug,Nayandanahalli Tank,D,28.0,5,8.5,812.0,8.0,3.1,BDL,23.0,1600.0,,40,152.0,7.5,20,172.0,128.0,92.0,BDL,0.4,144.0,76.0,30.0,68.0,17.0,10,112.0,558.0,BDL,BDL,BDL,10,BDL,61.0,4.0,0.19,2025
3597,Aug,Hesaraghatta Lake,D,22.0,7.1,7.2,305.0,4.0,1.2,BDL,400.0,2200.0,,BDL,72.0,4.6,BDL,72.0,52.0,40.0,BDL,0.4,84.0,40.0,16.0,44.0,11.0,13,30.0,206.0,BDL,BDL,BDL,3,BDL,21.0,0.7,BDL,2025
3598,Aug,Herohalli Tank,E,24.0,3.3,6.9,649.0,16.0,2.49,BDL,310.0,4300.0,,BDL,128.0,26.4,BDL,128.0,68.0,112.0,19.2,12.8,188.0,116.0,46.0,72.0,18.0,34,48.0,446.0,36,0.72,BDL,BDL,0.3,36.0,1.53,1.84,2025
3599,Aug,Anchepalya Lake,D,24.0,4.5,7.7,1178.0,8.0,4.5,0.39,170.0,3500.0,,BDL,280.0,8.6,BDL,280.0,204.0,81.0,1.69,1.3,232.0,160.0,64.0,72.0,18.0,49,120.0,800.0,BDL,BDL,BDL,12,0.41,55.0,3.4,0.26,2025
3600,Aug,Shivapura Tank,D,24.0,5.2,7.1,659.0,6.0,2.5,0.23,170.0,2400.0,,BDL,156.0,9.2,BDL,156.0,112.0,64.0,BDL,1.0,180.0,92.0,37.0,88.0,21.0,27,68.0,450.0,12,BDL,BDL,8,0.4,47.0,2.2,BDL,2025
3601,Aug,Karihobanahalli Lake,E,23.0,2.9,7.5,1454.0,16.0,4.6,BDL,210.0,1400.0,,BDL,272.0,5.4,BDL,272.0,184.0,120.0,5.3,4.2,360.0,188.0,75.0,172.0,42.0,19,94.0,952.0,BDL,0.54,BDL,24,0.52,34.0,2.2,1.5,2025
3602,Aug,Bellandur Lake,D,26.0,6,8.4,924.0,7.0,3.49,BDL,210.0,1500.0,,40,236.0,14.2,20,256.0,142.0,72.0,BDL,0.4,250.0,123.0,49.0,127.0,31.0,38,92.0,600.0,18,0.3,BDL,9,0.4,36.0,1.3,1,2025
3603,Aug,Vengaiyyanakere( Kr Puram Lake ),E,25.0,1.2,7.0,861.0,26.0,3.3,0.23,390.0,2800.0,,BDL,196.0,7.3,BDL,196.0,144.0,204.0,6.8,6.2,232.0,120.0,48.0,112.0,27.0,35,84.0,584.0,12,0.35,BDL,17,0.46,42.0,2.4,1.02,2025
3604,Aug,Doddanekkundi Lake,D,25.0,5.6,7.8,626.0,6.0,2.4,BDL,2100.0,13000.0,,BDL,136.0,92.7,BDL,136.0,68.0,72.0,BDL,0.4,144.0,80.0,32.0,64.0,16.0,15,66.0,412.0,118,BDL,BDL,15,0.3,46.0,2.4,0.23,2025
3605,Aug,Yelemallappa Shetty Lake,E,25.0,0.7,6.5,380.0,36.0,1.4,BDL,2100.0,11000.0,,BDL,84.0,14.1,BDL,84.0,60.0,212.0,9.6,9.2,100.0,52.0,21.0,48.0,12.0,16,37.0,260.0,16,0.93,BDL,8,0.22,42.0,1.6,2.75,2025
3606,Aug,Dasarahalli Tank,D,24.0,4.5,6.8,513.0,7.0,2.0,0.08,260.0,4300.0,,BDL,120.0,3.2,BDL,120.0,88.0,78.0,BDL,0.65,140.0,72.0,29.0,68.0,17.0,21,54.0,346.0,BDL,BDL,BDL,6,BDL,41.0,2.0,BDL,2025
3607,Aug,Kalkere Tank,E,24.0,3,7.4,1024.0,23.0,3.9,0.28,210.0,3500.0,,BDL,240.0,20.2,BDL,240.0,176.0,166.0,18.2,14.0,284.0,152.0,61.0,132.0,32.0,43,100.0,680.0,22,0.75,BDL,12,0.29,43.0,2.6,2.04,2025
3608,Aug,Varthur Lake,D,25.0,6,7.5,990.0,4.0,5.1,BDL,110.0,920.0,,BDL,296.0,3.7,BDL,296.0,120.0,56.0,BDL,0.4,272.0,140.0,56.0,132.0,32.0,BDL,109.0,674.0,BDL,0.58,BDL,11,0.41,45.0,2.9,1.37,2025
3609,Aug,Ibbalur Lake,D,26.0,5,8.5,888.0,6.0,3.32,BDL,320.0,2100.0,,48,248.0,10.8,24,272.0,141.0,66.0,BDL,0.58,241.0,118.0,47.0,122.0,30.0,22,89.0,630.0,BDL,0.48,BDL,9,0.3,37.0,1.3,0.9,2025
3610,Aug,Tubarahalli Tank,D,25.0,6.2,7.4,993.0,5.0,4.0,0.29,32.0,1600.0,,BDL,284.0,4.2,BDL,284.0,84.0,48.0,BDL,0.4,256.0,132.0,53.0,124.0,30.0,10,88.0,666.0,BDL,0.32,BDL,7,BDL,42.0,2.38,0.93,2025
3611,Aug,Kaikondanahalli Lake,D,26.0,4.8,7.8,886.0,6.0,3.31,BDL,31.0,920.0,,BDL,232.0,4.2,BDL,232.0,96.0,68.0,BDL,0.6,240.0,118.0,47.0,122.0,30.0,38,89.0,576.0,BDL,BDL,BDL,9,0.28,43.0,1.3,0.6,2025
3612,Aug,Agaram Lake,D,26.0,6,8.4,970.0,6.0,3.6,BDL,230.0,240.0,,48,248.0,6.2,24,272.0,23.0,60.0,BDL,0.96,263.0,129.0,52.0,134.0,33.0,40,97.0,630.0,BDL,0.48,BDL,10,0.3,38.0,1.3,0.9,2025
3613,Aug,Gottigere Lake,E,26.0,2.7,6.8,814.0,23.0,3.1,BDL,2300.0,7000.0,,BDL,200.0,6.7,BDL,200.0,140.0,136.0,1.7,1.3,224.0,120.0,48.0,104.0,25.0,21,84.0,550.0,BDL,0.84,BDL,8,0.53,47.0,1.4,2.4,2025
3614,Aug,Puttenahalli Lake,E,26.0,2.9,6.7,613.0,22.0,2.4,BDL,240.0,1700.0,,BDL,152.0,6.9,BDL,152.0,96.0,144.0,BDL,1.1,168.0,88.0,35.0,80.0,19.0,18,60.0,400.0,BDL,0.41,BDL,6,0.41,42.0,1.2,1.23,2025
3615,Aug,Arakere Lake,D,27.0,6.4,7.5,482.0,4.0,1.8,BDL,170.0,2400.0,,BDL,92.0,1.5,BDL,92.0,56.0,36.0,BDL,0.4,100.0,52.0,21.0,48.0,12.0,28,60.0,332.0,BDL,BDL,BDL,7,0.42,54.0,2.6,0.26,2025
3616,Aug,Kalena Agrahara Lake,D,28.0,6,7.3,607.0,6.0,2.3,BDL,220.0,2800.0,,BDL,144.0,18,BDL,144.0,104.0,72.0,BDL,0.4,96.0,48.0,19.0,48.0,12.0,6,78.0,416.0,22,BDL,BDL,9,0.43,61.0,3.6,0.22,2025
3617,Aug,Hulimavu Lake,D,26.0,6.2,8.1,999.0,4.0,3.8,0.09,240.0,2200.0,,48,252.0,13.8,24,276.0,156.0,48.0,BDL,0.4,192.0,100.0,40.0,92.0,22.0,13,115.0,686.0,16,1.06,BDL,13,0.46,55.0,3.8,2.51,2025
3618,Aug,Singasandra Lake,D,26.0,5.2,7.5,889.0,7.0,2.9,0.3,140.0,2400.0,,BDL,116.0,6.8,BDL,116.0,116.0,68.0,BDL,0.58,120.0,68.0,27.0,52.0,13.0,38,92.0,598.0,BDL,BDL,BDL,20,0.44,58.0,3.7,0.22,2025
3619,Aug,Begur Tank,D,28.0,5.4,8.3,1003.0,6.0,3.8,0.07,170.0,2400.0,,40,224.0,19.5,20,244.0,124.0,64.0,BDL,0.4,220.0,116.0,46.0,104.0,25.0,21,93.0,688.0,24,1.11,BDL,13,0.45,46.0,2.8,2.62,2025
3620,Aug,Parappana Agrahara Lake,D,26.0,5,7.7,1671.0,8.0,5.5,0.72,320.0,2800.0,,BDL,260.0,5.2,BDL,260.0,184.0,80.0,BDL,0.74,312.0,164.0,66.0,148.0,36.0,69,141.0,1110.0,BDL,1.2,BDL,38,0.4,46.0,3.5,3.5,2025
3621,Aug,Haralur Lake,D,26.0,5.4,8.0,1672.0,6.0,6.3,0.72,330.0,2800.0,,BDL,260.0,14.4,BDL,260.0,188.0,72.0,BDL,0.4,300.0,156.0,62.0,144.0,35.0,54,148.0,1110.0,18,1.4,BDL,36,0.34,48.0,3.7,4.1,2025
3622,Aug,Somasundrapalya Lake,D,26.0,6,7.5,1045.0,4.0,3.6,0.5,260.0,3500.0,,BDL,164.0,21.2,BDL,164.0,148.0,44.0,BDL,0.4,176.0,96.0,38.0,80.0,19.0,11,96.0,706.0,28,0.21,BDL,22,0.49,51.0,3.1,0.56,2025
3623,Aug,Anekal Doddakere Tank,E,25.0,2.3,7.7,1352.0,21.0,5.2,0.19,260.0,3500.0,,BDL,224.0,7.6,BDL,224.0,360.0,148.0,17,14.0,352.0,176.0,70.0,176.0,43.0,9,142.0,926.0,BDL,BDL,BDL,15,0.38,45.0,3.2,0.24,2025
3625,Aug,Hebbal Lake,D,27.0,5.3,7.1,342.0,5.0,1.2,BDL,210.0,3500.0,,BDL,68.0,9.6,BDL,68.0,84.0,56.0,BDL,0.48,84.0,48.0,19.0,36.0,9.0,13,31.0,236.0,14,BDL,BDL,6,0.35,42.0,1.35,BDL,2025
3629,Aug,Allalasandra Lake,D,27.0,4.1,8.5,387.0,7.0,1.4,BDL,260.0,2800.0,,32,84.0,39.4,16,100.0,92.0,76.0,BDL,0.82,92.0,52.0,21.0,40.0,10.0,15,34.0,264.0,46,BDL,BDL,7,0.22,42.0,1.54,BDL,2025
3630,Aug,Yelahanka Tank,D,22.0,4.9,7.7,657.0,6.0,2.4,BDL,140.0,1700.0,,BDL,140.0,14.2,BDL,140.0,168.0,64.0,BDL,0.74,168.0,88.0,35.0,80.0,19.0,26,61.0,446.0,18,BDL,BDL,13,0.38,42.0,2.04,0.22,2025
3633,Aug,Subramanyapura Tank,E,26.0,0.6,6.5,1161.0,49.0,4.4,BDL,2000.0,14000.0,,BDL,252.0,328,BDL,252.0,152.0,220.0,2.96,2.28,236.0,124.0,50.0,112.0,27.0,13,148.0,790.0,420,BDL,BDL,16,0.55,56.0,4.2,0.32,2025
3634,Aug,Devarakere Tank,D,26.0,4.2,7.0,468.0,8.0,1.6,BDL,1400.0,9400.0,,BDL,124.0,61,BDL,124.0,32.0,80.0,BDL,0.4,128.0,68.0,27.0,60.0,15.0,8,34.0,316.0,74,BDL,BDL,8,0.3,34.0,1.3,0.54,2025
3635,Aug,Malathahalli Lake,D,25.8,4.8,7.5,571.0,9.0,2.2,BDL,240.0,2200.0,,BDL,244.0,8.3,BDL,244.0,32.0,100.0,BDL,0.4,212.0,108.0,43.0,104.0,25.0,13,63.0,394.0,12,BDL,BDL,7,0.27,38.0,1.9,BDL,2025
3636,Aug,Hoskere Lake,E,29.5,2.3,8.0,344.0,22.0,1.3,0.71,310.0,4300.0,,BDL,156.0,20.4,BDL,156.0,32.0,156.0,18,15.0,140.0,72.0,29.0,68.0,17.0,BDL,38.0,234.0,28,0.5,BDL,4,0.22,36.0,1.4,1.1,2025
3638,Aug,Yelachenahalli Lake,D,29.0,4.1,7.0,505.0,9.0,1.94,BDL,170.0,3500.0,,BDL,112.0,32.5,BDL,112.0,64.0,88.0,BDL,0.6,112.0,74.0,30.0,38.0,9.0,14,48.0,342.0,44,BDL,BDL,BDL,0.23,48.0,1.95,BDL,2025
3639,Aug,Kengeri Tank,E,28.4,3.2,7.6,789.0,23.0,3.03,BDL,240.0,4300.0,,BDL,200.0,28.4,BDL,200.0,100.0,156.0,1.82,1.3,168.0,102.0,41.0,66.0,16.0,11,89.0,534.0,38,BDL,BDL,BDL,0.31,53.0,3.0,0.17,2025
3640,Aug,Uttarahalli Doraikere,D,25.0,4.3,8.1,356.0,7.0,1.4,0.08,220.0,5400.0,,BDL,104.0,82,BDL,104.0,20.0,72.0,BDL,0.61,152.0,80.0,32.0,72.0,18.0,19,20.0,240.0,102,0.36,BDL,7,0.23,21.0,0.69,1.03,2025
3641,Aug,Dhorekere Tank,E,27.0,BDL,6.6,325.0,38.0,0.8,BDL,2200.0,13000.0,,BDL,108.0,104,BDL,108.0,48.0,192.0,2.22,2.17,96.0,52.0,21.0,44.0,11.0,BDL,21.0,220.0,120,BDL,BDL,3,0.36,31.0,1.0,0.14,2025
3642,Aug,Jigani Tank,D,27.0,4.9,7.7,935.0,8.0,3.6,BDL,220.0,2800.0,,BDL,236.0,2.5,BDL,236.0,188.0,96.0,BDL,0.4,252.0,128.0,51.0,124.0,30.0,8,98.0,638.0,BDL,BDL,BDL,11,0.43,44.0,2.7,0.15,2025
3643,Aug,Benniganahalli Lake,E,26.0,6,7.6,504.0,4.0,9.0,BDL,320.0,2800.0,,BDL,52.0,8.9,BDL,52.0,48.0,44.0,BDL,0.4,116.0,64.0,26.0,52.0,13.0,23,38.0,342.0,12,BDL,BDL,2,0.43,40.0,1.54,0.44,2025
3655,Aug,Mathikere Tank,D,27.0,5.2,6.8,311.0,12.0,1.2,BDL,2600.0,9400.0,,BDL,72.0,18.1,BDL,72.0,52.0,124.0,BDL,0.4,84.0,52.0,21.0,32.0,8.0,BDL,32.0,200.0,22,BDL,BDL,4,0.24,22.0,1.0,BDL,2025
4094,Aug,Gangondanahalli Lake,D,24.0,6.5,7.7,1179.0,5.0,4.53,BDL,210.0,2200.0,,BDL,144.0,24.1,BDL,144.0,204.0,56.0,BDL,0.8,244.0,128.0,51.0,116.0,28.0,10,90.0,798.0,32,BDL,BDL,BDL,0.46,44.0,2.51,BDL,2025
4095,Aug,Chikkabanavara Lake,D,21.0,7.1,7.3,429.0,4.0,1.6,BDL,270.0,1700.0,,BDL,104.0,18.2,BDL,104.0,76.0,44.0,BDL,0.4,116.0,60.0,24.0,56.0,14.0,18,43.0,290.0,22,BDL,BDL,4.3,0.22,41.0,0.9,BDL,2025
4096,Aug,Andhrahalli Lake,E,24.0,3.2,7.2,1220.0,18.0,4.68,0.14,14000.0,46000.0,,BDL,284.0,134,BDL,284.0,124.0,116.0,7,5.0,228.0,124.0,50.0,104.0,25.0,27,79.0,820.0,176,1.58,BDL,2,0.86,42.0,2.26,3.72,2025
4097,Aug,Kachohalli Lake,E,24.0,1.9,7.5,1527.0,21.0,5.86,0.42,22000.0,49000.0,,BDL,352.0,143,BDL,352.0,152.0,144.0,32.28,26.9,384.0,214.0,86.0,170.0,41.0,45,82.0,1022.0,186,2.93,BDL,2,0.4,31.0,1.82,6.9,2025
4504,Aug,Sarakki Lake,D,29.0,5.5,7.4,861.0,4.0,3.31,0.08,110.0,2400.0,,BDL,152.0,24.3,BDL,152.0,92.0,48.0,BDL,0.8,148.0,80.0,32.0,68.0,17.0,28,81.0,572.0,32,BDL,BDL,3,0.21,53.0,2.89,BDL,2025
4505,Aug,Nelamangala Lake,E,27.0,2.7,6.5,1642.0,20.0,6.3,0.74,240.0,2200.0,,BDL,380.0,6.8,BDL,380.0,276.0,164.0,5.3,4.8,448.0,228.0,91.0,220.0,53.0,27,151.0,1114.0,BDL,0.43,BDL,33,0.38,40.0,3.11,1.28,2025
4506,Aug,Abbigere Lake,D,20.0,7,7.7,583.0,5.0,2.3,BDL,210.0,1500.0,,BDL,136.0,6.6,BDL,136.0,100.0,48.0,BDL,0.4,160.0,80.0,32.0,80.0,19.0,25,58.0,396.0,BDL,BDL,BDL,5.8,BDL,40.0,1.0,0.25,2025
4512,Aug,Viswaneedam Lake,E,24.0,3.2,7.0,1775.0,18.0,6.81,BDL,2100.0,9400.0,,BDL,412.0,21.2,BDL,412.0,200.0,120.0,13.2,11.0,460.0,236.0,94.0,224.0,54.0,27,110.0,1202.0,28,2,BDL,3,0.51,34.0,2.23,4.71,2025
4513,Aug,Ramammana Kere,E,22.0,3.2,7.5,1465.0,14.0,4.9,BDL,460.0,3500.0,,BDL,276.0,12.6,BDL,276.0,184.0,112.0,4.5,3.4,340.0,176.0,70.0,164.0,40.0,17,98.0,960.0,12,0.37,BDL,23,0.56,37.0,2.3,1.5,2025
4514,Aug,Sadaramangala Lake,D,25.0,5.9,8.2,528.0,5.0,2.1,0.71,2600.0,14000.0,,BDL,104.0,30.2,BDL,104.0,56.0,60.0,BDL,0.4,100.0,56.0,22.0,44.0,11.0,10,64.0,350.0,38,0.25,BDL,14,0.42,54.0,2.8,0.7,2025
4515,Aug,Bhattarahalli Lake,D,26.0,4.1,7.5,814.0,7.0,3.1,0.19,220.0,2400.0,,BDL,188.0,6.8,BDL,188.0,136.0,76.0,BDL,0.88,220.0,116.0,46.0,104.0,25.0,33,80.0,552.0,BDL,BDL,BDL,16,BDL,42.0,2.34,0.4,2025
4516,Aug,Kundalahalli Lake,E,25.0,BDL,8.1,1815.0,48.0,7.3,BDL,260.0,2200.0,,BDL,284.0,16.2,BDL,284.0,292.0,248.0,13,10.0,328.0,168.0,67.0,160.0,39.0,30,161.0,1200.0,20,1.57,BDL,12,0.28,50.0,3.86,4.58,2025
4517,Aug,Kowdhenahalli Tank,E,25.0,2.2,7.1,648.0,21.0,2.5,BDL,2000.0,9400.0,,BDL,148.0,6.2,BDL,148.0,104.0,192.0,6.1,5.6,172.0,92.0,37.0,80.0,19.0,27,62.0,436.0,BDL,0.32,BDL,13,0.34,42.0,2.05,0.94,2025
4518,Aug,Garudacharpalya Tank,D,26.0,6.2,8.2,283.0,4.0,1.6,0.69,1200.0,8400.0,,BDL,76.0,78.6,BDL,76.0,28.0,40.0,BDL,0.4,88.0,52.0,21.0,36.0,9.0,11,25.0,190.0,90,BDL,BDL,10,BDL,35.0,1.2,BDL,2025
4519,Aug,Rampura Lake,E,24.0,2.8,7.3,858.0,17.0,3.3,0.27,230.0,5400.0,,BDL,208.0,22.8,BDL,208.0,148.0,131.0,14.3,11.0,236.0,120.0,48.0,116.0,28.0,36,88.0,580.0,26,0.8,BDL,8,0.27,31.0,2.5,2.22,2025
4520,Aug,Chinnappanahalli Lake,E,25.0,2,7.4,845.0,27.0,3.4,0.69,2400.0,17000.0,,BDL,152.0,20.2,BDL,152.0,116.0,196.0,2.4,1.9,104.0,56.0,22.0,48.0,12.0,BDL,73.0,568.0,24,BDL,BDL,6,BDL,58.0,3.13,0.33,2025
4521,Aug,Devarabeesanahalli Lake,D,26.0,6,7.9,1001.0,5.0,3.74,BDL,270.0,1600.0,,BDL,232.0,9,BDL,232.0,73.0,52.0,BDL,0.44,272.0,134.0,54.0,138.0,34.0,42,100.0,650.0,12,0.4,BDL,10,0.3,29.0,1.4,0.9,2025
4522,Aug,Vibhuthipura Lake,D,25.0,4.8,8.2,519.0,8.0,2.2,0.71,1400.0,9400.0,,BDL,108.0,50.4,BDL,108.0,64.0,92.0,BDL,0.68,92.0,52.0,21.0,40.0,10.0,13,61.0,342.0,64,0.25,BDL,14,,54.0,2.8,0.7,2025
4523,Aug,Nallurahalli Lake,E,25.0,3,8.5,495.0,20.0,2.4,BDL,3300.0,17000.0,,32,132.0,131.2,16,148.0,108.0,128.0,BDL,0.99,124.0,68.0,27.0,56.0,14.0,13,47.0,336.0,144,0.49,BDL,5,0.36,44.0,1.8,1.16,2025
4524,Aug,Pattandur Agrahara Lake,D,25.0,5.5,7.4,637.0,6.0,3.2,0.05,1700.0,12000.0,,BDL,236.0,140.8,BDL,236.0,92.0,72.0,BDL,0.81,136.0,72.0,29.0,64.0,16.0,11,67.0,434.0,156,BDL,BDL,6,0.23,50.0,3.5,0.31,2025
4525,Aug,Seetharampalya Lake,E,25.0,2.5,7.4,1177.0,22.0,6.0,0.43,14000.0,79000.0,,BDL,164.0,138.8,BDL,164.0,196.0,144.0,5.75,4.4,256.0,132.0,53.0,124.0,30.0,18,130.0,800.0,180,2.17,BDL,13,0.45,51.0,3.5,5.12,2025
4526,Aug,Devasandra Lake,D,26.0,4.8,7.2,586.0,6.0,2.2,BDL,630.0,4500.0,,BDL,132.0,21.8,BDL,132.0,96.0,68.0,BDL,0.76,156.0,84.0,34.0,72.0,18.0,24,57.0,400.0,28,BDL,BDL,12,0.43,41.0,2.0,BDL,2025
4527,Aug,Sheelavanta-Whitefield Lake,D,25.0,5.2,8.2,506.0,9.0,2.6,0.74,390.0,2100.0,,BDL,108.0,90.6,BDL,108.0,104.0,96.0,BDL,0.56,96.0,52.0,21.0,44.0,11.0,10,52.0,346.0,112,0.25,BDL,6,0.42,52.0,2.4,0.6,2025
4528,Aug,Doddakannehalli Lake,D,26.0,5.9,7.8,1669.0,8.0,6.24,BDL,240.0,1700.0,,BDL,388.0,4.6,BDL,388.0,43.0,88.0,BDL,0.7,456.0,226.0,90.0,230.0,56.0,68,167.0,1080.0,BDL,0.3,BDL,17,0.4,49.0,1.8,0.7,2025
4529,Aug,Kasavanahalli Lake,D,26.0,6.6,7.8,1044.0,4.0,3.9,BDL,20.0,540.0,,BDL,240.0,6.9,BDL,240.0,48.0,40.0,BDL,0.8,284.0,140.0,56.0,144.0,35.0,43,104.0,680.0,BDL,0.3,BDL,10,0.4,22.0,1.4,0.9,2025
4530,Aug,Kammasandra Lake,D,22.0,4.8,7.5,667.0,6.0,2.5,BDL,240.0,4300.0,,BDL,152.0,5.8,BDL,152.0,108.0,72.0,BDL,0.86,180.0,96.0,38.0,84.0,20.0,27,65.0,452.0,BDL,BDL,BDL,13,BDL,43.0,2.1,0.22,2025
4531,Aug,Rayasandra Lake,E,20.0,1,7.6,2140.0,26.0,8.2,0.61,2100.0,11000.0,,BDL,500.0,22.4,BDL,500.0,364.0,196.0,9.8,9.3,580.0,296.0,118.0,284.0,69.0,109,172.0,1438.0,26,0.46,BDL,43,0.37,43.0,3.1,1.35,2025
4532,Aug,Chandapura Lake,E,20.0,0.7,7.4,1264.0,29.0,4.9,0.32,2000.0,22000.0,,BDL,292.0,16.1,BDL,292.0,212.0,216.0,19,16.0,344.0,176.0,70.0,168.0,41.0,52,121.0,872.0,18,1,BDL,25,0.48,41.0,2.84,2.89,2025
4533,Aug,Ullalu Lake,D,26.3,4.9,8.0,207.0,8.0,0.8,0.15,140.0,2400.0,,BDL,100.0,13.6,BDL,100.0,16.0,96.0,BDL,0.4,68.0,36.0,14.0,32.0,8.0,BDL,23.0,142.0,18,BDL,BDL,3,0.26,41.0,1.2,0.26,2025
4534,Aug,Sompura Lake,D,24.8,4.2,7.8,768.0,7.0,2.95,BDL,220.0,2800.0,,BDL,188.0,8.7,BDL,188.0,72.0,92.0,BDL,0.4,104.0,66.0,26.0,38.0,9.0,38,52.0,514.0,12,BDL,BDL,BDL,0.48,52.0,2.21,0.17,2025
4535,Aug,Gubbalal Lake,D,29.0,5.8,6.5,337.0,5.0,1.2,0.15,310.0,4300.0,,BDL,120.0,19.8,BDL,120.0,44.0,62.0,BDL,0.74,100.0,56.0,22.0,44.0,11.0,8,27.0,236.0,24,0.41,BDL,3,0.33,36.0,1.1,0.98,2025
4536,Aug,Hosakerehalli Lake,E,26.0,BDL,6.5,465.0,34.0,1.7,BDL,1700.0,11000.0,,BDL,220.0,16.3,BDL,220.0,44.0,168.0,1.92,1.71,176.0,92.0,37.0,84.0,20.0,8,36.0,320.0,20,BDL,BDL,2,0.36,30.0,1.1,0.3,2025
4537,Aug,Chinnakurchi Kere,D,25.3,4.5,7.6,360.0,5.0,1.38,BDL,260.0,3500.0,,BDL,112.0,9.4,BDL,112.0,24.0,80.0,BDL,0.4,108.0,60.0,24.0,48.0,12.0,16,11.0,244.0,14,BDL,BDL,BDL,0.38,17.0,0.44,BDL,2025
4538,Aug,Machohalli Lake,E,24.0,2.1,7.4,1787.0,23.0,6.86,0.65,260.0,3500.0,,BDL,192.0,133,BDL,192.0,272.0,144.0,30.52,21.8,320.0,182.0,73.0,138.0,34.0,45,113.0,1196.0,174,BDL,BDL,2,0.42,43.0,2.74,0.12,2025
4539,Aug,Doddabidarakallu Lake,D,24.0,5,6.7,334.0,5.0,1.3,BDL,310.0,2800.0,,BDL,80.0,4.2,BDL,80.0,56.0,58.0,BDL,0.57,92.0,48.0,19.0,44.0,11.0,14,36.0,230.0,BDL,BDL,BDL,6,BDL,39.0,1.6,BDL,2025
4540,Aug,Kammagondanahalli Lake,D,21.0,6.6,7.0,273.0,5.0,1.0,BDL,330.0,2100.0,,BDL,68.0,14.2,BDL,68.0,48.0,52.0,BDL,0.4,72.0,36.0,14.0,36.0,9.0,11,27.0,186.0,18,BDL,BDL,2.8,BDL,25.0,0.7,BDL,2025
4541,Aug,Alur Lake,D,22.0,5.9,7.3,201.0,5.0,0.73,BDL,490.0,3500.0,,BDL,60.0,7.2,BDL,60.0,20.0,64.0,BDL,0.4,92.0,52.0,21.0,40.0,10.0,BDL,14.0,136.0,BDL,BDL,BDL,7,0.42,22.0,0.68,BDL,2025
4542,Aug,Basavanapura Lake,E,26.0,2.3,6.8,819.0,20.0,3.1,BDL,320.0,2200.0,,BDL,136.0,6.1,BDL,136.0,140.0,156.0,2.2,1.7,228.0,120.0,48.0,108.0,26.0,21.7,82.0,560.0,BDL,0.91,BDL,8,0.38,43.0,1.4,2.55,2025
4543,Aug,Kodi Singasandra Lake,D,26.0,5.4,7.1,681.0,6.0,2.6,0.65,310.0,2800.0,,BDL,128.0,12.6,BDL,128.0,120.0,72.0,BDL,0.4,104.0,56.0,22.0,48.0,12.0,6,108.0,454.0,16,BDL,BDL,15,0.3,65.0,4.6,0.36,2025
4544,Aug,Kothanuru Lake,E,26.0,2.5,6.8,616.0,20.0,2.4,BDL,330.0,2800.0,,BDL,144.0,5.6,BDL,144.0,104.0,132.0,2.08,1.6,172.0,88.0,35.0,84.0,20.0,18.5,62.0,420.0,BDL,0.43,BDL,6,0.4,15.0,1.2,1.27,2025
4547,Aug,Mangamanapalya Lake(Swarana Kunte),D,26.0,5,7.1,688.0,7.0,2.8,0.06,200.0,1500.0,,BDL,100.0,8.4,BDL,100.0,104.0,68.0,BDL,0.51,76.0,44.0,18.0,32.0,8.0,9,83.0,464.0,BDL,BDL,BDL,15,0.38,65.0,4.1,0.38,2025
5558,Aug,"Kannahalli Lake Kannahalli, Bengaluru",E,24.0,2.8,7.2,1816.0,20.0,6.97,0.14,1700.0,7900.0,,BDL,408.0,36.5,BDL,408.0,204.0,124.0,18.98,14.6,452.0,248.0,99.0,204.0,50.0,15,103.0,1220.0,48,1.57,BDL,3,0.51,33.0,2.11,4,2025
5559,Aug,"Shettihalli Lake, Mallasandra Gudde Lake Bengaluru",D,24.0,4.6,7.0,515.0,5.0,2.0,0.08,260.0,2200.0,,BDL,120.0,16.1,BDL,120.0,88.0,52.0,4.16,3.2,144.0,80.0,32.0,64.0,16.0,20,50.0,350.0,18,BDL,BDL,6,BDL,33.0,1.8,BDL,2025
5560,Aug,"Hoodi (Rajapalya Lake) Itpl Main Road, Near Hoodi,Bengaluru",D,25.0,5.4,7.2,988.0,6.0,3.9,BDL,410.0,2800.0,,BDL,284.0,2.2,BDL,284.0,88.0,72.0,BDL,0.4,252.0,132.0,53.0,120.0,29.0,8,73.0,646.0,BDL,0.56,BDL,29,0.5,35.0,,1.5,2025
5561,Aug,"Munekolalu Lake ,Marathahalli, East Taluka ,Bengaluru",D,25.0,5.2,8.2,682.0,7.0,2.5,0.71,1300.0,8400.0,,BDL,112.0,56.4,BDL,112.0,96.0,68.0,BDL,0.4,136.0,76.0,30.0,60.0,15.0,19,73.0,450.0,66,0.3,BDL,14,0.4,51.0,2.7,0.85,2025
5562,Aug,"Mahadevpura√¢  Lake, K. R. Puram , Bangalore East Taluka",D,26.0,6,8.2,500.0,4.0,1.9,0.7,1300.0,9400.0,,BDL,72.0,39.2,BDL,72.0,72.0,44.0,BDL,0.4,88.0,52.0,21.0,36.0,9.0,11,63.0,332.0,44,BDL,BDL,16,0.25,55.0,2.9,0.51,2025
5563,Aug,"Segehalli Lake Baavanapura Road Battarahalli , Bangalore East",E,26.0,2.6,7.1,1175.0,16.0,4.7,0.31,26000.0,70000.0,,BDL,272.0,9.9,BDL,272.0,196.0,168.0,7.9,7.4,320.0,164.0,66.0,156.0,38.0,48,108.0,788.0,14,0.34,BDL,24,0.26,40.0,3.98,0.98,2025
5564,Aug,"Kannamangala Lake Hoskote Main Road , Bengalore",E,25.0,0.6,6.7,942.0,38.0,3.6,0.26,2300.0,7900.0,,BDL,216.0,6.7,BDL,216.0,160.0,224.0,10.1,9.6,256.0,132.0,53.0,124.0,30.0,38,93.0,636.0,BDL,0.41,BDL,20,0.38,42.0,2.52,1.2,2025
5565,Aug,Kannur Lake Near By Hennur Road Bengalore,E,24.0,1.2,7.7,2170.0,23.0,8.3,0.69,2200.0,11000.0,,BDL,512.0,36.8,BDL,512.0,372.0,164.0,16.9,13.0,600.0,304.0,122.0,296.0,72.0,90,220.0,1460.0,40,0.92,BDL,26,0.3,32.0,3.9,2.58,2025
5566,Aug,"Basavanapura Lake Ayyappa Nagr Main Road , K. R. Puram , Bengaluru",D,26.0,5.6,6.9,463.0,4.0,1.8,BDL,320.0,3500.0,,BDL,104.0,8.9,BDL,104.0,72.0,48.0,BDL,0.68,120.0,64.0,26.0,56.0,14.0,19,45.0,314.0,12,BDL,BDL,9,BDL,42.0,1.78,BDL,2025
5567,Aug,"Doddakallasandra Lake,Bengaluru",D,28.0,6.4,7.4,717.0,4.0,2.7,0.28,140.0,210.0,,BDL,156.0,17.8,BDL,156.0,108.0,48.0,BDL,0.4,116.0,60.0,24.0,56.0,14.0,11,80.0,492.0,22,BDL,BDL,8,0.48,57.0,3.4,0.31,2025
5568,Aug,"Ulsoor Lake Near Kalyani,Bengaluru",E,29.0,2.3,7.9,930.0,20.0,3.7,0.54,430.0,3500.0,,BDL,248.0,26.8,BDL,248.0,84.0,152.0,10,8.5,188.0,100.0,40.0,88.0,21.0,15,82.0,630.0,34,1.09,BDL,7,0.28,48.0,2.59,3.12,2025
5569,Aug,"Byrasandra Upper Lake,Bengaluru",E,30.0,2.6,7.7,932.0,18.0,3.0,0.28,170.0,2800.0,,BDL,212.0,52.6,BDL,212.0,156.0,156.0,13,10.0,252.0,128.0,51.0,124.0,30.0,38,92.0,632.0,58,0.67,BDL,19,0.39,42.0,2.53,1.96,2025
5570,Aug,"Soulkere, Kaikondrahalli Vill,Bengaluru",D,26.0,4.1,7.6,894.0,8.0,3.4,,380.0,3500.0,,BDL,236.0,8.3,BDL,236.0,70.0,92.0,BDL,0.7,242.0,119.0,48.0,123.0,30.0,37,89.0,580.0,BDL,0.3,BDL,9,0.4,41.0,1.3,0.9,2025
5571,Aug,"Kudlu Doddakere, Kudlu Vill,Bengaluru",D,26.0,4.6,7.9,1668.0,8.0,5.2,0.71,330.0,2800.0,,BDL,276.0,7.9,BDL,276.0,184.0,92.0,BDL,0.4,320.0,168.0,67.0,152.0,37.0,59,144.0,1100.0,BDL,2.5,BDL,36,0.39,46.0,3.5,7,2025
5572,Aug,"Kudlu Chikkakere, Bgp Layout Kudlu Vill ,Bengaluru",D,26.0,5.9,7.6,1044.0,5.0,4.1,0.45,260.0,3500.0,,BDL,164.0,20.6,BDL,164.0,156.0,64.0,BDL,0.4,184.0,96.0,38.0,88.0,21.0,10,95.0,694.0,24,0.23,BDL,22,0.42,50.0,3.0,0.65,2025
5573,Aug,"Doddathogur Lake , Doddathoguru Vill,Bengaluru",D,26.0,6,8.3,994.0,5.0,3.8,BDL,320.0,2100.0,,32,212.0,15.5,16,228.0,132.0,58.0,BDL,0.4,208.0,108.0,43.0,100.0,24.0,11,119.0,676.0,20,1.15,BDL,18,0.46,53.0,3.6,2.72,2025
5574,Aug,"Anjanapura Lake ( Avala Halli Lake) Anjanapura,Bengaluru",D,26.0,5.2,7.4,726.0,8.0,2.7,0.36,260.0,3500.0,,BDL,152.0,14,BDL,152.0,108.0,88.0,BDL,0.4,120.0,60.0,24.0,60.0,15.0,10,78.0,498.0,18,BDL,BDL,8,0.34,56.0,3.3,0.47,2025
5822,Aug,"Doddakammanahalli Lake, Doddakammanahalli Phase2, Tejaswini Nagar",D,26.0,5.4,7.4,479.0,8.0,1.8,BDL,380.0,4300.0,,BDL,96.0,5.3,BDL,96.0,68.0,88.0,BDL,0.4,100.0,52.0,21.0,48.0,12.0,40,56.0,320.0,BDL,BDL,BDL,6,0.47,52.0,2.4,0.15,2025
5823,Aug,"Basspura Lake, Aishwarya Crystal Layout, Begur, Bengaluru",D,26.0,5.2,7.2,694.0,7.0,2.6,0.57,210.0,3500.0,,BDL,116.0,18.4,BDL,116.0,128.0,78.0,BDL,0.4,96.0,52.0,21.0,44.0,11.0,7,78.0,476.0,22,BDL,BDL,8,0.22,61.0,3.6,0.31,2025
5825,Aug,"Lower Amblipura Lake, Pwd Quarters,1St Sector, Hsr Layout Bengaluru",D,26.0,5.6,7.1,685.0,6.0,2.5,0.48,210.0,1700.0,,BDL,96.0,12.5,BDL,96.0,100.0,72.0,BDL,0.4,76.0,40.0,16.0,36.0,9.0,9,82.0,460.0,16,BDL,BDL,15,0.38,65.0,4.1,0.36,2025
5826,Aug,"Bhoganhalli Lake, Bhoganhalli,, Bengaluru",D,26.0,6.1,8.2,1007.0,4.0,3.8,0.45,390.0,2200.0,,BDL,208.0,16.7,BDL,208.0,104.0,40.0,BDL,0.4,184.0,100.0,40.0,84.0,20.0,28,94.0,672.0,20,0.84,BDL,34,0.59,47.0,3.0,2.3,2025
5828,Aug,"Parappana Agrahara Chikka Kere, Near Central Jail, Sai Sree Layout Parappana Agrahara,",D,26.0,5.9,7.6,1042.0,5.0,3.4,0.25,330.0,4300.0,,BDL,156.0,20.9,BDL,156.0,144.0,60.0,BDL,0.4,192.0,104.0,42.0,88.0,21.0,12,96.0,704.0,26,0.24,BDL,21,0.47,49.0,3.0,0.69,2025
5829,Aug,"Vittasandra Lake, Vittasandra,",D,26.0,6.2,7.4,486.0,4.0,1.8,BDL,240.0,1700.0,,BDL,96.0,BDL,BDL,96.0,52.0,42.0,BDL,0.4,84.0,44.0,18.0,40.0,10.0,28,53.0,330.0,BDL,BDL,BDL,7,0.47,55.0,2.5,0.25,2025
5830,Aug,"Akshyanagara Lake, Akshyanagara West, Bengaluru",D,26.0,6.4,7.3,482.0,4.0,1.9,BDL,22.0,1600.0,,BDL,104.0,1.8,BDL,104.0,60.0,36.0,BDL,0.4,92.0,48.0,19.0,44.0,11.0,39,54.0,328.0,BDL,BDL,BDL,5,0.47,54.0,2.5,0.17,2025
5831,Aug,"Yallenahalli Lake, Begur-Koppa Rd, Akshayanagara, Bengaluru",D,26.0,5.4,7.4,479.0,8.0,1.9,BDL,380.0,4300.0,,BDL,104.0,BDL,BDL,104.0,56.0,88.0,BDL,0.4,96.0,48.0,19.0,48.0,12.0,30,53.0,342.0,BDL,BDL,BDL,6,0.46,52.0,2.5,0.17,2025
5833,Aug,Doddagubbi Lake,E,25.0,3,8.1,2180.0,30.0,8.4,0.69,2600.0,9400.0,,BDL,516.0,18.1,BDL,516.0,376.0,178.0,28.6,22.0,600.0,304.0,122.0,296.0,72.0,90,220.0,1468.0,22,1.06,BDL,24,0.3,59.0,3.9,2.99,2025
5834,Aug,Chikkagubi Lake,E,25.0,1.6,8.5,4820.0,23.0,18.5,0.67,1100.0,13000.0,,BDL,113.0,16.2,BDL,1136.0,826.0,136.0,61.1,47.0,1332.0,672.0,269.0,660.0,160.0,200,480.0,3260.0,18,1.69,BDL,44,0.5,50.0,5.9,3.64,2025
5835,Aug,Vijanapura Lake,D,26.0,4.2,7.1,522.0,6.0,2.0,BDL,3100.0,12000.0,,BDL,116.0,14.8,BDL,116.0,84.0,60.0,BDL,0.72,140.0,76.0,30.0,64.0,16.0,21,51.0,360.0,20,BDL,BDL,10,0.29,42.0,1.87,BDL,2025
5836,Aug,Cheemasandra,E,25.0,3.1,6.7,736.0,19.0,2.8,BDL,1100.0,4900.0,,BDL,172.0,22.3,BDL,172.0,140.0,136.0,7.4,5.8,208.0,104.0,42.0,104.0,25.0,8,75.0,508.0,26,1.3,BDL,8,BDL,43.0,2.3,3,2025
5837,Aug,Leghumenahalli Lake,E,25.0,0.9,6.8,941.0,36.0,3.5,0.25,260.0,2200.0,,BDL,220.0,7.6,BDL,220.0,156.0,216.0,9.1,8.6,252.0,128.0,51.0,124.0,30.0,39,91.0,634.0,BDL,BDL,BDL,19,0.33,42.0,2.48,0.36,2025
5838,Aug,Varanasi Lake,D,26.0,6.2,7.1,272.0,5.0,1.0,0.2,260.0,4300.0,,BDL,88.0,8.4,BDL,88.0,36.0,56.0,BDL,0.4,84.0,44.0,18.0,40.0,10.0,7,28.0,188.0,BDL,BDL,BDL,3,BDL,43.0,1.3,BDL,2025
5839,Aug,Gangashetty Lake,D,26.0,5.8,7.5,1232.0,8.0,4.5,BDL,240.0,3500.0,,BDL,348.0,18.7,BDL,348.0,200.0,68.0,BDL,0.52,320.0,160.0,64.0,160.0,39.0,20,128.0,850.0,22,BDL,BDL,11,0.69,45.0,3.1,BDL,2025
5840,Aug,Panathur Lake,D,25.0,5.8,8.5,673.0,6.0,3.4,BDL,260.0,3500.0,,24,136.0,140.4,12,148.0,136.0,72.0,BDL,0.4,132.0,72.0,29.0,60.0,15.0,21,71.0,458.0,154,0.28,BDL,6,0.42,52.0,2.7,0.67,2025
5841,Aug,Garudacharpalya Lake-2,E,26.0,3.2,7.4,1170.0,19.0,6.0,0.43,2600.0,15000.0,,BDL,204.0,73.2,BDL,204.0,176.0,128.0,6.68,5.03,228.0,120.0,48.0,108.0,26.0,22,129.0,796.0,86,1.9,BDL,15,0.46,53.0,3.7,4.49,2025
5842,Aug,Mahadevapura Lake-2,E,25.0,3,8.5,295.0,20.0,1.3,0.72,2200.0,13000.0,,32,76.0,231,16,92.0,56.0,132.0,BDL,0.65,68.0,40.0,16.0,28.0,7.0,,26.0,200.0,250,BDL,BDL,3,BDL,44.0,1.3,0.25,2025
5843,Aug,B- Narayannapura Lake-2,E,26.0,3,8.5,475.0,20.0,2.4,BDL,3300.0,24000.0,,32,144.0,213.6,16,160.0,76.0,128.0,BDL,0.89,124.0,68.0,27.0,56.0,14.0,15,50.0,324.0,230,0.54,BDL,3,0.36,46.0,1.9,1.28,2025
5844,Aug,Halnayakanahalli Lake,D,25.0,6,8.5,675.0,5.0,3.5,BDL,240.0,2800.0,,16,136.0,147,8,144.0,124.0,64.0,BDL,0.4,144.0,76.0,30.0,68.0,17.0,12,71.0,460.0,164,0.36,BDL,7,0.43,50.0,2.5,0.85,2025
